{"cameraMode":{"drawMode":0,"name":"Shaded","section":"Shading Mode"},"sceneLighting":true,"audioPlay":false,"sceneViewState":{"m_AlwaysRefresh":false,"showFog":true,"showSkybox":true,"showFlares":true,"showImageEffects":true,"showParticleSystems":true,"showVisualEffectGraphs":true,"m_FxEnabled":true},"in2DMode":false,"pivot":{"x":-0.46230506896972659,"y":3.026486396789551,"z":97.98789978027344},"rotation":{"x":-0.02352685108780861,"y":-0.9499038457870483,"z":0.07383432984352112,"w":-0.30281156301498415},"size":8.546987533569336,"orthographic":false}